Type,Filter,TRUTH.TOTAL,TRUTH.TP,TRUTH.FN,QUERY.TOTAL,QUERY.FP,QUERY.UNK,FP.gt,FP.al,METRIC.Recall,METRIC.Precision,METRIC.Frac_NA,METRIC.F1_Score,TRUTH.TOTAL.TiTv_ratio,QUERY.TOTAL.TiTv_ratio,TRUTH.TOTAL.het_hom_ratio,QUERY.TOTAL.het_hom_ratio
INDEL,ALL,525469,1941,523528,6390,1654,2768,703,361,0.003694,0.543346,0.433177,0.007338,,,1.52827573414,0.72400653239
INDEL,PASS,525469,1941,523528,6390,1654,2768,703,361,0.003694,0.543346,0.433177,0.007338,,,1.52827573414,0.72400653239
SNP,ALL,3365127,23708,3341419,48139,5912,18507,4891,203,0.007045,0.800486,0.384449,0.013967,2.10012848676,1.64823568209,1.58119585325,0.796613337321
SNP,PASS,3365127,23708,3341419,48139,5912,18507,4891,203,0.007045,0.800486,0.384449,0.013967,2.10012848676,1.64823568209,1.58119585325,0.796613337321
