Type,Filter,TRUTH.TOTAL,TRUTH.TP,TRUTH.FN,QUERY.TOTAL,QUERY.FP,QUERY.UNK,FP.gt,FP.al,METRIC.Recall,METRIC.Precision,METRIC.Frac_NA,METRIC.F1_Score,TRUTH.TOTAL.TiTv_ratio,QUERY.TOTAL.TiTv_ratio,TRUTH.TOTAL.het_hom_ratio,QUERY.TOTAL.het_hom_ratio
INDEL,ALL,525469,1257,524212,3303,819,1232,565,68,0.002392,0.604539,0.372994,0.004765,,,1.52827573414,0.0836888743026
INDEL,PASS,525469,1257,524212,3303,819,1232,565,68,0.002392,0.604539,0.372994,0.004765,,,1.52827573414,0.0836888743026
SNP,ALL,3365127,13589,3351538,27828,4777,9458,4732,8,0.004038,0.739956,0.339874,0.008033,2.10012848676,1.62957014643,1.58119585325,0.101389603706
SNP,PASS,3365127,13589,3351538,27828,4777,9458,4732,8,0.004038,0.739956,0.339874,0.008033,2.10012848676,1.62957014643,1.58119585325,0.101389603706
